{
    "name": "root",
    "metadata": {
        "timer_format_version": "0.1.0",
        "start_time_seconds": "1638286009",
        "python_version": "3.7.9 (tags/v3.7.9:13c94747c7, Aug 17 2020, 18:58:18) [MSC v.1900 64 bit (AMD64)]",
        "command_line_arguments": "F:\\UnityProjects\\Eduardo Berlezi\\DudaMachineLearning\\venv\\Scripts\\mlagents-learn --run-id=teste9",
        "mlagents_version": "0.27.0",
        "mlagents_envs_version": "0.27.0",
        "communication_protocol_version": "1.5.0",
        "pytorch_version": "1.7.1+cu110",
        "numpy_version": "1.21.4",
        "end_time_seconds": "1638286064"
    },
    "total": 55.136722,
    "count": 1,
    "self": 0.004564299999998411,
    "children": {
        "run_training.setup": {
            "total": 0.06304719999999986,
            "count": 1,
            "self": 0.06304719999999986
        },
        "TrainerController.start_learning": {
            "total": 55.0691105,
            "count": 1,
            "self": 0.015600199999994402,
            "children": {
                "TrainerController._reset_env": {
                    "total": 10.4647316,
                    "count": 1,
                    "self": 10.4647316
                },
                "TrainerController.advance": {
                    "total": 44.4271158,
                    "count": 779,
                    "self": 0.013648999999951172,
                    "children": {
                        "env_step": {
                            "total": 37.93366920000001,
                            "count": 779,
                            "self": 35.9870454,
                            "children": {
                                "SubprocessEnvManager._take_step": {
                                    "total": 1.9372640999999984,
                                    "count": 779,
                                    "self": 0.029991300000004273,
                                    "children": {
                                        "TorchPolicy.evaluate": {
                                            "total": 1.907272799999994,
                                            "count": 341,
                                            "self": 0.724439499999999,
                                            "children": {
                                                "TorchPolicy.sample_actions": {
                                                    "total": 1.182833299999995,
                                                    "count": 341,
                                                    "self": 1.182833299999995
                                                }
                                            }
                                        }
                                    }
                                },
                                "workers": {
                                    "total": 0.009359700000009852,
                                    "count": 778,
                                    "self": 0.0,
                                    "children": {
                                        "worker_root": {
                                            "total": 45.55861970000002,
                                            "count": 778,
                                            "is_parallel": true,
                                            "self": 10.721688000000057,
                                            "children": {
                                                "steps_from_proto": {
                                                    "total": 0.0006661000000001138,
                                                    "count": 1,
                                                    "is_parallel": true,
                                                    "self": 0.00017710000000015214,
                                                    "children": {
                                                        "_process_rank_one_or_two_observation": {
                                                            "total": 0.0004889999999999617,
                                                            "count": 2,
                                                            "is_parallel": true,
                                                            "self": 0.0004889999999999617
                                                        }
                                                    }
                                                },
                                                "UnityEnvironment.step": {
                                                    "total": 34.83626559999996,
                                                    "count": 778,
                                                    "is_parallel": true,
                                                    "self": 0.1326614000000248,
                                                    "children": {
                                                        "UnityEnvironment._generate_step_input": {
                                                            "total": 0.259664500000067,
                                                            "count": 778,
                                                            "is_parallel": true,
                                                            "self": 0.259664500000067
                                                        },
                                                        "communicator.exchange": {
                                                            "total": 34.183725299999956,
                                                            "count": 778,
                                                            "is_parallel": true,
                                                            "self": 34.183725299999956
                                                        },
                                                        "steps_from_proto": {
                                                            "total": 0.26021439999991713,
                                                            "count": 778,
                                                            "is_parallel": true,
                                                            "self": 0.09085529999996922,
                                                            "children": {
                                                                "_process_rank_one_or_two_observation": {
                                                                    "total": 0.16935909999994792,
                                                                    "count": 1556,
                                                                    "is_parallel": true,
                                                                    "self": 0.16935909999994792
                                                                }
                                                            }
                                                        }
                                                    }
                                                }
                                            }
                                        }
                                    }
                                }
                            }
                        },
                        "trainer_advance": {
                            "total": 6.479797600000042,
                            "count": 778,
                            "self": 0.022891700000059245,
                            "children": {
                                "process_trajectory": {
                                    "total": 3.211080799999978,
                                    "count": 778,
                                    "self": 3.211080799999978
                                },
                                "_update_policy": {
                                    "total": 3.2458251000000047,