{"count":1,"self":1254.8859903999999,"total":5237.3055765,"children":{"InitializeActuators":{"count":8,"self":0.003998,"total":0.003998,"children":null},"InitializeSensors":{"count":8,"self":0.0029963999999999998,"total":0.0029963999999999998,"children":null},"AgentSendState":{"count":312651,"self":4.8611752,"total":25.5338441,"children":{"CollectObservations":{"count":500248,"self":2.6849019999999997,"total":2.6849019999999997,"children":null},"WriteActionMask":{"count":500248,"self":0.706228,"total":0.706228,"children":null},"RequestDecision":{"count":500248,"self":3.0213235999999997,"total":17.2815387,"children":{"AgentInfo.ToProto":{"count":500248,"self":3.1979292,"total":14.260214999999999,"children":{"GenerateSensorData":{"count":500248,"self":11.0622856,"total":11.0622857,"children":null}}}}}}},"DecideAction":{"count":312651,"self":831.3063936,"total":831.3064032,"children":null},"AgentAct":{"count":312651,"self":3124.5946879999997,"total":3124.595767,"children":{"AgentInfo.ToProto":{"count":36,"self":0,"total":0.00099969999999999985,"children":{"GenerateSensorData":{"count":36,"self":0.00099969999999999985,"total":0.00099969999999999985,"children":null}}}}},"AgentInfo.ToProto":{"count":8577,"self":0.1349874,"total":0.4978682,"children":{"GenerateSensorData":{"count":8577,"self":0.3628808,"total":0.3628808,"children":null}}}},"gauges":{"BasCatPlatform.CumulativeReward":{"count":8613,"max":1,"min":-1,"runningAverage":-0.909671247,"value":0,"weightedAverage":-0.2840373}},"metadata":{"timer_format_version":"0.1.0","start_time_seconds":"1638019537","unity_version":"2020.3.21f1","command_line_arguments":"C:\\Program Files\\Unity\\Hub\\Editor\\2020.3.21f1\\Editor\\Unity.exe -projectpath C:\/Users\/usuario\/Documents\/GitHub\/TrabalhoMachineLearning -useHub -hubIPC -cloudEnvironment production -hubSessionId 6e905150-4f81-11ec-bed2-fbee6c489651 -accessToken 2gCfHPSz8NBKfF0hwYfggx-N8MNRZ_jjdLiIMvq9UOI004f","communication_protocol_version":"1.5.0","com.unity.ml-agents_version":"2.0.0","scene_name":"AIGame","end_time_seconds":"1638024742"}}