{
    "name": "root",
    "metadata": {
        "timer_format_version": "0.1.0",
        "start_time_seconds": "1637686252",
        "python_version": "3.7.9 (tags/v3.7.9:13c94747c7, Aug 17 2020, 18:58:18) [MSC v.1900 64 bit (AMD64)]",
        "command_line_arguments": "F:\\UnityProjects\\Eduardo Berlezi\\DudaMachineLearning\\venv\\Scripts\\mlagents-learn --run-id=test2",
        "mlagents_version": "0.27.0",
        "mlagents_envs_version": "0.27.0",
        "communication_protocol_version": "1.5.0",
        "pytorch_version": "1.7.1+cu110",
        "numpy_version": "1.21.4",
        "end_time_seconds": "1637686296"
    },
    "total": 44.7647742,
    "count": 1,
    "self": 0.006504499999998359,
    "children": {
        "run_training.setup": {
            "total": 0.06244899999999998,
            "count": 1,
            "self": 0.06244899999999998
        },
        "TrainerController.start_learning": {
            "total": 44.6958207,
            "count": 1,
            "self": 0.00031209999999504134,
            "children": {
                "TrainerController._reset_env": {
                    "total": 9.614122100000001,
                    "count": 1,
                    "self": 9.614122100000001
                },
                "TrainerController.advance": {
                    "total": 34.6086063,
                    "count": 1,
                    "self": 1.6300000005742277e-05,
                    "children": {
                        "env_step": {
                            "total": 34.60858999999999,
                            "count": 1,
                            "self": 34.60857969999999,
                            "children": {
                                "SubprocessEnvManager._take_step": {
                                    "total": 1.0299999999574538e-05,
                                    "count": 1,
                                    "self": 1.0299999999574538e-05
                                }
                            }
                        }
                    }
                },
                "trainer_threads": {
                    "total": 8.000000022434506e-07,
                    "count": 1,
                    "self": 8.000000022434506e-07
                },
                "TrainerController._save_models": {
                    "total": 0.4727794000000003,
                    "count": 1,
                    "self": 0.007939500000006205,
                    "children": {
                        "RLTrainer._checkpoint": {
                            "total": 0.4648398999999941,
                            "count": 1,
                            "self": 0.4648398999999941
                        }
                    }
                }
            }
        }
    }
}