{
    "name": "root",
    "metadata": {
        "timer_format_version": "0.1.0",
        "start_time_seconds": "1637687375",
        "python_version": "3.7.9 (tags/v3.7.9:13c94747c7, Aug 17 2020, 18:58:18) [MSC v.1900 64 bit (AMD64)]",
        "command_line_arguments": "F:\\UnityProjects\\Eduardo Berlezi\\DudaMachineLearning\\venv\\Scripts\\mlagents-learn --run-id=test5",
        "mlagents_version": "0.27.0",
        "mlagents_envs_version": "0.27.0",
        "communication_protocol_version": "1.5.0",
        "pytorch_version": "1.7.1+cu110",
        "numpy_version": "1.21.4",
        "end_time_seconds": "1637687424"
    },
    "total": 49.720264199999995,
    "count": 1,
    "self": 0.004972199999990323,
    "children": {
        "run_training.setup": {
            "total": 0.06694900000000004,
            "count": 1,
            "self": 0.06694900000000004
        },
        "TrainerController.start_learning": {
            "total": 49.648343000000004,
            "count": 1,
            "self": 0.029060499999971512,
            "children": {
                "TrainerController._reset_env": {
                    "total": 12.813280899999999,
                    "count": 1,
                    "self": 12.813280899999999
                },
                "TrainerController.advance": {
                    "total": 36.72854980000004,
                    "count": 1608,
                    "self": 0.02593100000013493,
                    "children": {
                        "env_step": {
                            "total": 32.3719336,
                            "count": 1608,
                            "self": 29.57590620000002,
                            "children": {
                                "SubprocessEnvManager._take_step": {
                                    "total": 2.7776860999999844,
                                    "count": 1608,
                                    "self": 0.06745310000001936,
                                    "children": {
                                        "TorchPolicy.evaluate": {
                                            "total": 2.710232999999965,
                                            "count": 1067,
                                            "self": 1.5371275999998826,
                                            "children": {
                                                "TorchPolicy.sample_actions": {
                                                    "total": 1.1731054000000825,
                                                    "count": 1067,
                                                    "self": 1.1731054000000825
                                                }
                                            }
                                        }
                                    }
                                },
                                "workers": {
                                    "total": 0.01834129999999412,
                                    "count": 1607,
                                    "self": 0.0,
                                    "children": {
                                        "worker_root": {
                                            "total": 37.731366800000025,
                                            "count": 1607,
                                            "is_parallel": true,
                                            "self": 9.681396900000166,
                                            "children": {
                                                "steps_from_proto": {
                                                    "total": 0.0003362999999989569,
                                                    "count": 1,
                                                    "is_parallel": true,
                                                    "self": 0.00011199999999789156,
                                                    "children": {
                                                        "_process_rank_one_or_two_observation": {
                                                            "total": 0.00022430000000106531,
                                                            "count": 2,
                                                            "is_parallel": true,
                                                            "self": 0.00022430000000106531
                                                        }
                                                    }
                                                },
                                                "UnityEnvironment.step": {
                                                    "total": 28.049633599999858,
                                                    "count": 1607,
                                                    "is_parallel": true,
                                                    "self": 0.15418469999987394,
                                                    "children": {
                                                        "UnityEnvironment._generate_step_input": {
                                                            "total": 0.2353929000000754,
                                                            "count": 1607,
                                                            "is_parallel": true,
                                                            "self": 0.2353929000000754
                                                        },
                                                        "communicator.exchange": {
                                                            "total": 27.3264218999999,
                                                            "count": 1607,
                                                            "is_parallel": true,
                                                            "self": 27.3264218999999
                                                        },
                                                        "steps_from_proto": {
                                                            "total": 0.3336341000000065,
                                                            "count": 1607,
                                                            "is_parallel": true,
                                                            "self": 0.14379200000013093,
                                                            "children": {
                                                                "_process_rank_one_or_two_observation": {
                                                                    "total": 0.18984209999987556,
                                                                    "count": 3214,
                                                                    "is_parallel": true,
                                                                    "self": 0.18984209999987556
                                                                }
                                                            }
                                                        }
                                                    }
                                                }
                                            }
                                        }
                                    }
                                }
                            }
                        },
                        "trainer_advance": {
                            "total": 4.330685199999907,
                            "count": 1607,
                            "self": 0.03595739999991565,
                            "children": {
                                "process_trajectory": {
                                    "total": 2.6755390999999893,
                                    "count": 1607,
                                    "self": 2.6755390999999893
                                },