{
    "name": "root",
    "metadata": {
        "timer_format_version": "0.1.0",
        "start_time_seconds": "1637686422",
        "python_version": "3.7.9 (tags/v3.7.9:13c94747c7, Aug 17 2020, 18:58:18) [MSC v.1900 64 bit (AMD64)]",
        "command_line_arguments": "F:\\UnityProjects\\Eduardo Berlezi\\DudaMachineLearning\\venv\\Scripts\\mlagents-learn --run-id=test3",
        "mlagents_version": "0.27.0",
        "mlagents_envs_version": "0.27.0",
        "communication_protocol_version": "1.5.0",
        "pytorch_version": "1.7.1+cu110",
        "numpy_version": "1.21.4",
        "end_time_seconds": "1637686473"
    },
    "total": 51.5773505,
    "count": 1,
    "self": 0.005888699999999858,
    "children": {
        "run_training.setup": {
            "total": 0.06321089999999996,
            "count": 1,
            "self": 0.06321089999999996
        },
        "TrainerController.start_learning": {
            "total": 51.5082509,
            "count": 1,
            "self": 0.00033880000000152677,
            "children": {
                "TrainerController._reset_env": {
                    "total": 7.184603200000001,
                    "count": 1,
                    "self": 7.184603200000001
                },
                "TrainerController.advance": {
                    "total": 43.7977687,
                    "count": 1,
                    "self": 2.0499999997980467e-05,
                    "children": {
                        "env_step": {
                            "total": 43.7977482,
                            "count": 1,
                            "self": 43.797743000000004,
                            "children": {
                                "SubprocessEnvManager._take_step": {
                                    "total": 5.199999998595217e-06,
                                    "count": 1,
                                    "self": 5.199999998595217e-06
                                }
                            }
                        }
                    }
                },
                "trainer_threads": {
                    "total": 9.999999974752427e-07,
                    "count": 1,
                    "self": 9.999999974752427e-07
                },
                "TrainerController._save_models": {
                    "total": 0.5255392000000043,
                    "count": 1,
                    "self": 0.007560000000005118,
                    "children": {
                        "RLTrainer._checkpoint": {
                            "total": 0.5179791999999992,
                            "count": 1,
                            "self": 0.5179791999999992
                        }
                    }
                }
            }
        }
    }
}