{
    "name": "root",
    "metadata": {
        "timer_format_version": "0.1.0",
        "start_time_seconds": "1637687462",
        "python_version": "3.7.9 (tags/v3.7.9:13c94747c7, Aug 17 2020, 18:58:18) [MSC v.1900 64 bit (AMD64)]",
        "command_line_arguments": "F:\\UnityProjects\\Eduardo Berlezi\\DudaMachineLearning\\venv\\Scripts\\mlagents-learn --run-id=test6",
        "mlagents_version": "0.27.0",
        "mlagents_envs_version": "0.27.0",
        "communication_protocol_version": "1.5.0",
        "pytorch_version": "1.7.1+cu110",
        "numpy_version": "1.21.4",
        "end_time_seconds": "1637687504"
    },
    "total": 41.9937553,
    "count": 1,
    "self": 0.006564099999991413,
    "children": {
        "run_training.setup": {
            "total": 0.06387730000000003,
            "count": 1,
            "self": 0.06387730000000003
        },
        "TrainerController.start_learning": {
            "total": 41.923313900000004,
            "count": 1,
            "self": 0.026499899999997467,
            "children": {
                "TrainerController._reset_env": {
                    "total": 7.248666500000001,
                    "count": 1,
                    "self": 7.248666500000001
                },
                "TrainerController.advance": {
                    "total": 34.5681804,
                    "count": 1455,
                    "self": 0.02404749999996625,
                    "children": {
                        "env_step": {
                            "total": 30.83944960000008,
                            "count": 1455,
                            "self": 27.931085400000136,
                            "children": {
                                "SubprocessEnvManager._take_step": {
                                    "total": 2.8916686000000915,
                                    "count": 1455,
                                    "self": 0.06953050000009853,
                                    "children": {
                                        "TorchPolicy.evaluate": {
                                            "total": 2.822138099999993,
                                            "count": 1071,
                                            "self": 1.6395796999999863,
                                            "children": {
                                                "TorchPolicy.sample_actions": {
                                                    "total": 1.1825584000000067,
                                                    "count": 1071,
                                                    "self": 1.1825584000000067
                                                }
                                            }
                                        }
                                    }
                                },
                                "workers": {
                                    "total": 0.01669559999985104,
                                    "count": 1454,
                                    "self": 0.0,
                                    "children": {
                                        "worker_root": {
                                            "total": 35.6061127,
                                            "count": 1454,
                                            "is_parallel": true,
                                            "self": 9.095337099999963,
                                            "children": {
                                                "steps_from_proto": {
                                                    "total": 0.0003394999999999371,
                                                    "count": 1,
                                                    "is_parallel": true,
                                                    "self": 0.00011549999999971305,
                                                    "children": {
                                                        "_process_rank_one_or_two_observation": {
                                                            "total": 0.00022400000000022402,
                                                            "count": 2,
                                                            "is_parallel": true,
                                                            "self": 0.00022400000000022402
                                                        }
                                                    }
                                                },
                                                "UnityEnvironment.step": {
                                                    "total": 26.510436100000035,
                                                    "count": 1454,
                                                    "is_parallel": true,
                                                    "self": 0.14336609999991623,
                                                    "children": {
                                                        "UnityEnvironment._generate_step_input": {
                                                            "total": 0.23152050000000735,
                                                            "count": 1454,
                                                            "is_parallel": true,
                                                            "self": 0.23152050000000735
                                                        },
                                                        "communicator.exchange": {
                                                            "total": 25.826339000000015,
                                                            "count": 1454,
                                                            "is_parallel": true,
                                                            "self": 25.826339000000015
                                                        },
                                                        "steps_from_proto": {
                                                            "total": 0.3092105000001002,
                                                            "count": 1454,
                                                            "is_parallel": true,
                                                            "self": 0.13063770000021435,
                                                            "children": {
                                                                "_process_rank_one_or_two_observation": {
                                                                    "total": 0.17857279999988585,
                                                                    "count": 2908,
                                                                    "is_parallel": true,
                                                                    "self": 0.17857279999988585
                                                                }
                                                            }
                                                        }
                                                    }
                                                }
                                            }
                                        }
                                    }
                                }
                            }
                        },
                        "trainer_advance": {
                            "total": 3.704683299999953,
                            "count": 1454,
                            "self": 0.03339369999992847,
                            "children": {
                                "process_trajectory": {
                                    "total": 2.0609602000000233,
                                    "count": 1454,
                                    "self": 2.0609602000000233
                                },